IP Address,Port Number
173.212.195.139,80
81.169.172.191,80
165.154.224.14,80
64.225.4.12,9986
117.160.250.132,82
60.165.54.65,8060
117.74.65.207,8999
117.74.65.29,10001
117.74.65.207,9994
117.74.65.207,9997
117.74.65.207,1081
114.102.44.238,8089
168.119.99.159,8080
5.78.75.120,8080
5.78.92.237,8080
129.150.36.169,8090
117.74.65.29,87
112.123.102.10,9002
124.128.157.142,8085
103.49.202.252,80
161.117.89.36,8888
195.201.37.70,8080
59.48.218.218,9091
112.44.126.88,9091
47.92.248.197,3128
8.134.139.219,6969
65.109.161.106,8080
64.225.8.118,9991
68.183.106.254,80
68.183.127.144,80
135.181.15.198,3128
146.83.118.9,80
165.227.9.238,80
210.148.200.1,8080
47.109.52.147,21025
167.71.123.253,80
111.225.152.177,8089
5.172.177.218,3128
65.21.151.43,8080
61.53.66.116,9091
81.12.44.197,3129
5.78.100.137,8080
121.36.72.207,9000
104.248.56.194,80
117.74.65.215,3000
82.180.163.163,80
39.101.65.228,8060
65.109.233.198,8080
178.54.21.203,8081
103.1.50.43,3125
58.253.210.122,8888
117.74.65.207,264
58.27.59.249,80
202.103.203.97,9091
120.234.26.219,8060
117.74.65.215,84
5.78.80.33,8080
123.54.16.53,9002
49.12.4.154,8080
153.101.67.170,9002
103.155.156.37,8080
65.108.253.238,8080
173.212.200.30,3128
117.74.65.29,1337
123.163.52.24,9091
182.106.220.252,9091
20.206.106.192,8123
183.230.198.80,9091
5.78.99.33,8080
45.185.162.194,999
117.74.65.29,8118
117.160.250.131,81
39.170.42.90,9091
177.43.72.251,3128
138.197.215.162,80
5.78.99.40,8080
117.74.65.29,6969
117.74.65.207,30001
120.224.180.41,9002
159.138.252.45,9080
114.102.45.120,8089
117.74.65.29,9999
178.33.3.163,8080
138.91.159.185,80
167.235.19.249,8080
183.247.211.41,30001
210.75.50.242,9002
218.28.49.66,8181
5.75.238.5,8080
183.165.244.120,8089
5.78.64.58,8080
138.117.219.108,80
15.237.37.150,80
117.160.250.137,8080
200.106.184.14,999
112.124.38.70,3128
123.154.239.184,8085
105.16.115.202,80
5.78.73.211,8080
103.231.78.36,80
49.0.246.130,3128
65.108.230.239,40809
117.74.65.207,10250
111.225.152.193,8089
143.244.205.72,1080
161.35.11.96,80
111.40.62.176,9091
117.74.65.215,11443
210.22.77.94,9002
115.144.8.91,80
3.128.142.113,80
218.13.24.130,9002
117.74.65.215,83
8.208.85.34,3127
68.183.119.232,80
5.78.99.39,8080
141.95.122.232,80
27.159.66.131,11030
103.148.39.42,84
217.52.247.86,1981
185.15.172.212,3128
1.0.205.87,8080
218.28.98.229,9091
220.248.70.237,9002
159.69.189.199,8080
117.74.65.207,5560
117.74.65.29,8000
117.74.65.207,8282
117.74.65.207,5566
117.74.65.215,9080
114.255.132.60,3128
117.40.176.42,9091
167.172.238.15,9995
117.74.65.215,808
117.74.65.215,999
121.40.115.140,20000
8.130.34.44,443
5.78.99.34,8080
198.11.175.180,8888
117.74.65.207,5001
183.230.162.122,9091
190.136.50.67,3128
45.177.177.26,999
5.78.100.243,8080
117.74.65.29,999
61.175.214.2,9091
172.104.232.149,8080
5.78.40.220,8080
5.78.86.36,8080
5.78.93.23,8080
135.181.84.225,8080
124.71.157.181,8020
114.102.47.79,8089
62.162.91.205,3129
112.51.96.118,9091
60.210.40.190,9091
113.195.2.71,8085
165.227.81.188,9989
157.230.241.133,40507
179.49.117.19,999
65.109.239.232,8080
66.94.105.234,8080
139.99.237.62,80
93.180.222.134,80
117.74.65.215,10021
103.119.95.2,80
61.177.60.107,20000
91.107.231.241,8080
117.74.65.29,9091
104.248.56.197,80
117.74.65.215,8181
117.74.65.29,8282
5.78.94.47,8080
64.225.4.63,9990
5.78.99.46,8080
5.78.100.167,8080
5.78.67.15,8080
120.197.40.219,9002
206.189.192.48,80
47.252.27.174,999
217.76.50.200,8000
5.78.101.101,8080
103.169.19.130,8080
201.174.17.126,999
5.78.97.227,8080
120.79.21.48,30001
65.108.95.136,8080
65.108.157.140,8080
47.100.201.85,80
5.78.95.84,8080
117.74.65.215,20000
119.166.232.228,9091
165.227.56.43,80
117.74.65.207,4000
58.57.170.150,9002
152.231.17.227,999
8.209.68.1,8080
5.78.100.59,8080
47.243.175.55,9002
174.138.184.82,35653
117.74.65.215,5678
117.74.65.207,8085
23.88.120.35,8080
173.249.198.244,8080
123.182.58.213,8089
37.15.116.15,80
112.245.48.74,9002
152.67.72.19,8888
82.65.193.11,8080
135.181.85.92,8080
5.78.102.25,8080
41.188.149.78,80
65.109.228.231,8080
110.238.111.229,19
209.97.150.167,8080
120.236.79.139,9002
111.20.217.178,9091
65.109.237.40,8080
107.21.195.60,9999
85.239.242.23,80
45.56.119.212,8015
140.210.196.193,5001
117.160.250.131,80
47.109.56.77,9090
160.119.128.66,8080
165.227.123.162,80
222.88.167.22,9002
104.248.127.163,80
117.74.65.207,8080
167.71.115.224,80
192.154.247.206,8000
103.1.50.139,3125
185.82.99.209,8099
194.233.71.209,8080
111.40.62.199,9091
195.201.41.237,8080
5.78.85.14,8080
5.78.91.19,8080
20.24.43.214,80
167.235.197.240,8080
124.90.211.204,8085
39.185.232.150,9091
64.225.8.118,9983
64.225.4.12,9992
93.180.222.134,8181
121.40.115.140,41890
180.168.191.195,9002
117.74.65.215,11268
161.35.6.12,80
86.107.197.127,8080
190.128.241.102,80
120.24.33.141,8000
117.74.65.215,9992
64.227.164.21,8080
111.225.152.38,8089
47.92.247.250,1081
49.0.253.51,3128
117.74.65.215,10010
117.74.65.215,10101
208.184.163.30,3129
49.12.4.230,8080
111.225.152.31,8089
91.189.177.189,3128
142.93.248.41,80
36.93.189.147,9812
117.74.65.29,82
117.74.65.215,8001
5.78.68.27,8080
5.78.68.196,8080
5.78.100.219,8080
200.229.147.2,999
138.201.172.129,8080
117.74.65.215,3333
120.37.121.209,9091
210.22.131.162,9002
47.88.29.108,20000
216.80.39.89,3129
61.183.234.226,9091
117.74.65.207,1024
121.22.53.166,9091
54.37.21.230,3128
117.74.65.207,8003
47.254.47.61,20
200.125.168.221,999
198.11.175.180,8058
47.113.221.120,111
123.183.162.9,9002
112.194.142.135,9091
5.78.88.250,8080
193.188.141.94,4444
116.203.150.138,8080
5.78.75.168,8080
140.238.247.9,8100
117.74.65.207,8899
89.43.10.141,80
157.90.23.126,8080
39.107.33.254,8090
65.108.230.239,40067
64.225.4.12,9996
111.225.152.42,8089
157.245.121.104,80
174.138.167.181,8888
49.12.37.124,8080
167.71.101.150,80
5.78.94.241,8080
217.52.247.78,1976
37.235.24.194,3128
94.130.173.168,8080
116.105.25.124,11001
195.110.59.82,80
117.74.65.29,81
188.120.245.151,9999
117.74.65.29,1000
117.74.65.215,8020
117.95.192.132,8089
107.152.38.115,8888
117.74.65.215,11127
5.78.96.111,8080
39.101.77.101,3128
174.138.184.82,40675
117.74.65.215,6969
157.245.85.10,80
167.172.238.15,9998
119.7.135.19,9091
38.83.74.2,443
91.107.232.63,8080
5.78.77.173,8080
117.74.65.215,10008
36.34.159.90,9091
168.119.155.11,8080
122.9.131.161,9000
103.110.10.131,8080
161.35.141.114,80
64.225.4.63,9985
5.78.68.186,8080
117.74.65.29,30001
5.78.64.232,8080
5.78.99.38,8080
64.227.38.199,8080
117.74.65.215,11310
113.161.131.43,80
167.99.174.59,80
103.225.11.135,80
64.225.8.82,9994
64.225.4.63,9999
103.197.251.202,80
117.74.65.215,1337
5.78.102.70,8080
27.159.66.131,11161
167.172.238.15,9986
93.180.222.134,9991
185.143.42.54,8080
120.82.174.128,9091
5.78.78.23,8080
201.71.2.122,999
167.71.5.83,8080
117.160.250.130,8080
41.65.251.85,1981
180.184.91.187,443
117.74.65.207,55443
47.92.250.210,30001
95.183.140.89,80
5.78.82.170,8080
103.149.130.38,80
117.74.65.207,20000
117.74.65.29,443
218.7.171.91,3128
3.90.234.88,8118
34.146.64.228,3128
5.78.78.219,8080
117.74.65.207,82
39.175.75.144,30001
111.225.153.237,8089
5.78.82.23,8080
117.74.65.215,87
45.120.136.104,80
124.70.205.56,8000
111.225.153.169,8089
167.99.236.14,80
51.159.115.233,3128
68.183.99.82,80
167.235.243.236,8080
39.165.0.137,9002
117.146.231.40,9002
165.227.55.25,80
206.81.1.146,80
139.162.78.109,8080
47.253.71.33,1080
117.74.65.215,111
49.0.252.39,3388
5.161.122.187,8080
182.16.12.26,8088
47.109.36.177,80
91.107.237.93,8080
65.109.239.77,8080
49.156.23.170,3125
47.113.221.120,8090
44.197.117.197,9999
47.113.219.226,999
95.216.218.63,8080
95.217.3.133,8080
117.74.65.29,8499
142.93.125.199,80
123.202.159.108,80
62.162.91.205,80
159.138.255.141,8080
210.22.161.86,9002
3.76.14.148,3128
117.74.65.215,12000
117.74.65.215,3127
119.13.103.211,5566
117.74.65.207,17328
121.31.35.98,9091
210.148.141.3,8080
117.74.65.207,10000
163.172.31.44,80
167.172.238.15,9999
112.6.178.53,8085
65.21.58.32,8080
157.230.241.133,44193
135.181.248.71,8080
201.182.251.141,999
123.154.237.110,8085
111.16.50.12,9002
47.253.105.175,27017
82.146.37.145,80
47.98.219.185,8999
65.108.59.13,8080
142.93.118.113,80
193.176.242.186,80
47.253.214.60,57114
5.78.96.49,8080
91.241.217.58,9090
165.227.10.111,80
121.37.201.60,5566
168.119.48.135,8080
221.181.185.157,45134
47.116.131.64,80
117.74.65.207,7302
202.52.234.218,8080
65.108.62.123,8080
165.227.85.218,80
120.79.31.133,1080
20.210.113.32,80
117.74.65.215,82
119.13.111.169,3128
68.183.172.168,80
117.74.65.29,8123
47.100.90.127,8123
47.253.71.33,443
120.79.16.132,20000
111.0.65.4,9091
190.110.99.189,999
206.81.4.137,80
142.93.205.168,80
206.189.199.34,80
5.78.73.61,8080
103.42.180.53,45787
117.74.65.215,1000
91.107.200.75,8080
113.208.119.142,9002
112.98.177.27,9091
61.158.175.38,9002
117.74.65.29,10443
42.228.61.245,9091
138.197.71.185,80
221.225.81.91,3128
49.48.71.119,8080
117.74.65.29,8083
174.138.167.178,8888
124.13.181.7,80
77.91.74.77,80
117.74.65.215,11895
117.74.65.215,10022
80.63.84.58,8081
183.221.242.103,9443
68.183.173.81,80
174.138.184.82,43357
5.78.102.124,8080
123.130.115.217,9091
5.78.74.5,8080
181.10.204.85,999
49.0.253.51,15
117.74.65.207,8123
41.128.148.83,1976
117.74.65.29,1081
117.74.65.29,8889
64.225.4.12,9993
8.219.97.248,80
14.207.122.70,8080
117.74.65.29,8060
110.44.169.100,4444
117.160.250.137,80
60.6.237.112,9002
159.69.107.155,8080
18.102.95.107,3128
77.68.21.60,80
103.118.46.176,8080
203.89.126.250,80
103.109.209.28,6969
135.181.98.200,8080
111.120.8.205,8085
34.81.9.136,3128
120.197.160.2,9002
5.78.93.237,8080
139.99.135.214,80
142.93.114.76,80
47.253.71.33,4118
47.93.160.101,80
116.63.130.30,2019
41.242.116.150,50000
61.133.66.69,9002
195.3.245.193,3128
117.74.65.207,8082
216.137.184.253,80
60.170.204.30,8060
5.78.88.230,8080
200.123.29.41,3128
166.111.73.146,4780
91.238.103.65,80
223.210.2.228,9091
47.98.219.185,8998
36.90.101.162,80
115.29.140.201,6379
104.248.27.226,80
117.74.65.215,11329
170.64.144.251,8080
78.47.244.211,8080
185.25.205.132,8080
203.19.38.114,1080
41.65.103.20,1976
102.165.51.172,3128
66.94.108.138,3128
62.193.108.157,1976
5.78.99.48,8080
20.111.54.16,8123
123.57.1.16,1081
103.151.41.7,80
5.78.102.195,8080
8.134.138.108,8499
196.1.95.124,80
212.109.198.8,3128
210.148.141.2,8080
117.74.65.215,10494
188.235.0.207,8282
42.248.122.147,1080
65.21.242.89,4444
23.144.56.65,80
64.225.8.82,9984
112.17.173.55,9091
82.65.205.55,8118
201.75.206.179,20183
89.109.253.119,80
112.54.41.177,9091
117.74.65.29,8082
117.74.65.207,35904
165.227.81.188,9979
81.250.223.126,80
47.243.175.55,8088
47.253.214.60,9002
69.63.78.199,3129
138.68.60.8,8080
91.107.229.32,8080
117.74.65.207,1000
5.78.98.37,8080
5.78.85.67,8080
158.69.53.98,9300
47.113.219.226,8089
119.159.246.197,3128
124.79.115.172,9002
222.180.240.62,9091
117.74.65.207,88
185.189.186.19,8080
5.78.95.86,8080
201.182.251.142,999
49.12.191.64,8080
8.208.85.34,443
45.10.71.7,8888
183.234.218.203,9002
117.160.250.138,8081
104.248.60.122,80
117.74.65.207,2375
103.208.86.114,3128
5.78.96.178,8080
47.252.20.42,4433
117.74.65.207,10243
117.160.250.134,82
139.196.151.191,1080
90.68.198.89,39485
117.74.65.215,5001
45.77.219.182,80
60.175.244.38,9002
91.189.177.186,3128
112.26.81.142,9091
135.181.194.130,8080
64.225.8.82,9979
111.225.153.94,8089
123.183.160.83,9091
39.108.230.16,3128
164.132.116.134,80
117.160.250.134,81
64.225.4.63,9998
68.183.28.133,80
169.55.89.6,80
101.68.17.214,8085
210.148.141.4,8080
46.101.126.180,40161
68.183.97.156,80
117.74.65.215,1080
117.74.65.215,11336
113.195.165.139,8085
94.45.74.60,8080
117.74.65.29,5001
117.74.65.215,9090
117.74.65.207,8000
103.118.46.174,8080
117.74.65.207,5801
103.210.57.243,80
117.74.65.29,5000
64.225.8.82,9989
124.90.208.252,8085
129.154.225.163,8100
94.102.224.149,32650
174.138.167.179,8888
200.123.29.40,3128
182.162.170.108,80
203.146.127.159,80
77.238.79.111,8080
183.221.221.149,9091
47.91.95.174,9091
139.196.151.191,443
58.57.170.146,9002
196.189.44.49,1234
5.78.75.64,8080
65.108.145.212,8080
8.134.139.219,9991
167.172.158.85,81
5.78.89.40,8080
5.78.95.164,8080
78.47.104.132,8080
167.71.166.185,80
196.204.24.251,8080
206.189.230.174,80
91.107.200.181,8080
93.171.225.190,80
183.220.6.198,9091
91.209.11.132,80
210.148.200.2,8080
117.74.65.29,1080
106.105.115.204,8197
162.55.42.37,8080
51.158.63.12,3128
187.130.139.197,8080
117.74.65.215,9002
178.128.145.125,80
124.71.157.181,10001
193.201.15.76,8080
111.225.153.151,8089
117.74.65.207,9443
123.133.103.239,9091
201.91.82.155,3128
117.74.65.29,3000
139.59.1.14,3128
167.235.204.162,8080
65.109.136.135,8080
120.194.4.155,5443
103.217.72.73,32650
117.74.65.215,8083
114.102.45.239,8089
92.27.165.234,80
117.74.65.207,6969
182.16.12.29,8088
165.227.81.188,9998
65.108.230.239,37955
5.78.96.192,8080
198.199.86.11,3128
152.69.215.206,80
171.5.8.134,80
65.109.231.235,8080
139.162.78.109,3128
124.70.55.29,8089
117.74.65.207,6379
8.208.90.243,443
200.105.215.22,33630
46.173.104.245,8080
91.107.194.215,8080
3.6.121.198,80
115.29.149.2,1081
59.44.203.138,9091
93.180.222.134,8182
117.74.65.207,9090
218.57.210.186,9002
41.33.254.186,1981
47.92.242.45,9091
41.33.66.238,1981
183.221.242.104,8443
110.12.211.140,80
165.227.222.213,80
58.20.235.231,9002
172.104.148.87,8080
103.117.192.14,80
124.71.157.181,808
210.148.141.1,8080
8.209.64.208,80
111.40.11.204,9091
5.78.78.180,8080
110.185.164.20,9091
178.62.92.133,80
142.132.177.174,8080
41.77.188.131,80
106.14.255.124,80
117.74.65.207,8092
117.160.250.138,9999
190.95.236.179,999
117.74.65.207,10001
117.74.65.29,8020
117.74.65.215,8029
159.138.130.126,8999
5.78.100.214,8080
64.225.4.63,9980
39.106.36.78,8080
61.162.225.180,9091
61.80.239.168,1337
5.78.71.233,8080
122.9.21.228,8000
8.219.176.202,8080
105.112.191.250,3128
5.78.99.55,8080
58.18.223.212,9002
190.92.239.132,8080
41.33.66.237,1981
65.109.224.45,8080
183.221.242.107,8443
138.197.200.94,80
185.135.157.89,8080
103.150.18.218,80
109.194.101.128,3128
20.99.187.69,8443
117.93.81.158,9002
111.21.183.58,9091
190.26.201.194,8080
65.108.90.217,8080
117.74.65.215,10243
39.101.65.228,8020
41.65.236.53,1981
101.229.242.73,9002
138.197.200.115,80
183.238.32.234,9002
167.235.255.199,8080
174.138.184.82,37469
161.35.122.53,80
47.113.221.120,7890
14.139.242.7,80
5.78.101.80,8080
104.248.5.109,80
196.219.202.74,8080
5.78.98.155,8080
219.79.86.135,8080
117.160.250.132,8899
5.78.43.36,8080
47.92.239.69,8082
104.248.59.93,80
125.66.100.112,9091
5.78.82.159,8080
91.189.177.190,3128
221.193.240.115,9091
117.160.250.131,8080
139.129.231.228,3333
64.225.8.118,9981
123.56.129.203,443
161.35.121.101,80
185.61.247.60,8080
45.61.187.67,4006
198.11.175.192,8118
117.74.65.207,8181
91.213.249.200,80
94.130.227.176,8080
5.78.92.124,8080
165.227.81.188,9975
76.169.129.241,8080
183.221.242.111,8443
34.76.73.21,80
117.74.65.215,9091
103.147.128.65,83
189.113.14.243,80
177.137.207.166,80
5.75.137.225,8080
149.126.101.162,8080
140.206.62.198,9002
178.128.17.248,80
156.200.116.73,1981
47.98.134.232,8090
65.108.230.239,39297
60.198.53.23,80
5.160.68.72,8008
5.78.100.57,8080
183.222.217.168,9091
45.61.187.67,4004
117.74.65.215,8889
167.71.117.170,80
162.19.50.37,80
220.87.121.155,80
47.254.90.125,80
154.85.58.149,80
165.227.236.216,80
65.108.230.239,37677
104.248.228.183,80
139.224.56.162,9992
47.88.11.3,3129
5.78.70.54,8080
117.160.250.133,8080
117.74.65.29,8081
117.74.65.207,31653
51.15.242.202,8888
109.254.81.159,9090
195.140.146.11,3128
91.148.127.173,8080
167.235.247.87,8080
119.18.149.34,8080
185.162.251.76,80
154.236.168.179,1981
49.0.253.51,87
103.216.50.92,8080
103.241.182.97,80
162.55.168.38,8080
204.83.205.117,3128
111.8.226.108,9091
117.160.250.132,8081
5.78.45.172,8080
195.201.31.132,8080
20.111.54.16,80
118.122.72.3,1081
111.47.170.136,9091
39.104.26.204,999
104.248.230.139,80
80.48.119.28,8080
200.106.184.11,999
156.200.116.70,1981
210.148.141.5,8080
159.69.189.68,8080
206.189.196.166,80
111.225.152.169,8089
51.124.209.11,80
168.119.241.143,8080
117.74.65.29,9090
47.103.207.110,8090
174.138.167.180,8888
117.74.65.29,8029
157.230.49.107,80
165.227.85.171,80
123.182.59.109,8089
64.225.4.12,9990
117.74.65.207,13
120.232.80.235,18081
65.108.145.51,8080
192.154.253.67,8123
113.190.110.199,8118
47.98.134.232,10000
65.109.171.121,8080
64.225.4.63,9987
211.97.2.197,9002
103.75.196.121,80
117.74.65.215,10804
117.74.65.29,9992
39.104.26.204,8085
5.78.69.21,8080
117.74.65.207,10443
68.183.63.120,80
111.225.152.199,8089
200.187.70.223,3128
117.74.65.215,8085
117.74.65.215,10216
139.196.151.191,4673
201.222.76.34,999
45.162.135.201,999
186.194.160.42,999
181.143.191.138,999
104.248.58.57,80
123.57.1.78,5678
117.74.65.29,9991
111.225.153.238,8089
117.74.65.29,50001
158.140.169.86,80
121.18.224.54,9002
64.225.4.81,9992
5.78.88.227,8080
190.97.252.50,999
220.248.238.26,9091
117.74.65.29,111
134.209.29.120,3128
45.62.167.249,80
117.74.65.207,808
190.61.97.229,999
156.200.116.66,1976
111.225.152.119,8089
142.93.248.52,80
117.74.65.215,30001
117.74.65.215,8000
140.238.245.116,8100
117.159.10.124,9002
103.153.247.38,8080
138.68.60.8,3128
121.36.72.207,30001
117.74.65.29,5678
64.225.4.12,9984
122.155.165.191,3128
5.78.40.245,8080
139.59.249.244,7777
65.20.224.102,8080
180.191.252.236,8081
117.74.65.207,443
180.178.103.70,8080
5.78.100.58,8080
93.180.222.134,8080
93.94.178.70,8080
117.160.250.132,81
182.92.0.202,8082
68.183.128.90,80
59.57.50.114,9091
121.1.41.162,111
64.225.8.82,9991
5.78.92.37,8080
5.78.88.125,8080
60.12.168.114,9002
5.78.79.136,8080
117.74.65.215,50001
117.160.250.131,8081
123.157.233.138,9091
65.108.230.239,41025
47.243.175.55,80
183.237.47.54,9091
172.104.13.18,80
120.79.34.201,8888
27.115.36.154,9002
154.12.242.159,8888
117.74.65.29,808
5.78.102.125,8080
5.78.43.251,8080
117.74.65.215,11300
5.78.74.114,8080
123.57.1.16,111
117.74.65.29,3127
5.78.99.56,8080
41.65.55.2,1976
5.78.100.46,8080
181.65.139.237,999
117.74.65.207,83
94.23.1.178,3128
20.26.36.131,80
182.91.12.22,8085
134.122.93.139,8080
111.40.124.221,9091
58.20.184.187,9091
174.138.24.67,8080
165.154.236.214,80
20.206.106.192,80
5.78.81.219,8080
94.30.152.172,80
47.100.90.127,45554
161.35.6.211,80
65.109.140.227,8080
161.35.125.190,80
58.18.223.211,9002
117.74.65.215,6379
111.43.105.50,9091
8.208.90.243,9091
174.138.167.182,8888
146.59.147.70,8888
64.225.8.132,9980
188.166.56.246,80
49.0.250.196,9002
188.32.241.34,81
154.118.228.212,80
177.69.180.171,8080
117.74.65.215,9443
61.145.212.31,3128
20.219.118.36,80
103.156.56.2,80
41.65.236.57,1981
120.26.123.95,8010
5.78.70.253,8080
5.78.65.4,8080
117.74.65.215,8282
5.78.44.63,8080
128.199.202.122,8080
111.225.152.233,8089
156.67.217.159,80
154.236.191.45,1976
5.78.100.164,8080
120.46.197.14,3128
41.65.236.58,1976
165.227.81.188,9990
5.78.71.157,8080
5.78.102.252,8080
5.78.102.82,8080
95.174.98.125,80
47.252.20.42,2019
95.183.140.94,80
183.234.219.91,9002
117.74.65.29,8001
114.113.116.67,9091
103.147.247.132,8080
182.16.12.30,8088
8.208.89.32,1234
206.81.6.80,80
213.241.205.2,8080
117.74.65.215,8089
221.6.215.202,9091
117.74.65.215,8082
117.74.65.207,5441
5.78.91.255,8080
110.238.113.119,80
188.34.155.249,8080
117.74.65.207,7777
120.79.34.201,10000
117.74.65.215,10011
5.161.55.129,8080
47.100.90.127,55443
138.197.211.208,80
94.131.114.69,3128
65.108.230.239,40657
183.64.115.112,9091
5.78.82.94,8080
222.111.18.67,80
119.51.61.22,8085
154.117.159.230,8080
62.57.110.226,80
156.200.116.70,1976
112.250.110.172,9091
135.181.106.37,8080
118.31.2.38,8999
165.227.81.97,80
117.95.177.123,9002
178.75.53.156,80
118.107.44.181,80
5.78.46.5,8080
187.190.220.151,8989
5.78.82.35,8080
117.160.250.131,9999
117.74.65.207,8020
202.61.204.51,80
81.103.105.130,8888
38.83.74.2,3128
117.74.65.29,9443
5.78.81.255,8080
45.174.240.52,999
5.78.65.111,8080
185.193.137.109,8080
181.12.99.204,8080
47.92.248.197,8090
161.35.97.55,80
117.160.250.130,8081
103.118.46.53,32650
1.4.251.180,8080
167.172.238.15,9993
103.142.141.71,80
45.61.187.67,4003
121.29.1.12,18081
5.78.40.118,8080
20.205.61.143,8123
5.75.141.69,8080
5.78.100.140,8080
117.74.65.207,6666
157.230.49.173,80
218.89.51.167,9091
167.172.96.117,41727
138.197.102.119,80
186.166.138.51,999
117.74.65.29,8080
125.129.57.91,80
121.41.48.76,3128
65.108.230.239,35989
181.205.41.210,7654
95.217.210.191,8080
65.108.230.239,35121
117.74.65.215,10000
112.16.127.69,9002
139.224.190.222,8083
117.74.65.207,7548
41.65.227.176,1981
139.59.1.14,8080
65.109.135.90,8080
85.117.239.113,3128
117.74.65.29,8888
174.138.184.82,43937
120.79.16.132,30001
68.183.53.2,80
185.103.87.30,8081
139.196.206.130,18081
64.225.4.81,9980
178.128.196.6,8080
168.119.61.199,8080
219.68.43.251,80
5.78.68.36,8080
5.78.101.199,8080
157.245.240.240,80
51.178.47.12,80
181.225.54.94,999
117.160.250.137,9999
180.176.247.122,80
47.108.167.35,80
47.88.11.3,10
14.140.131.82,3128
202.162.105.202,80
117.74.65.207,3127
116.63.130.30,30001
45.61.187.67,4000
117.74.65.207,9999
114.4.233.46,8080
172.104.232.201,8080
94.130.65.215,4444
221.231.13.198,1080
5.78.86.192,8080
20.210.113.32,8123
103.83.232.122,80
60.246.156.193,80
5.78.100.18,8080
222.139.221.185,9091
115.29.140.201,41890
115.219.9.93,8085
5.78.100.4,8080
104.248.236.42,80
120.78.153.19,1234
162.55.172.47,8080
64.225.8.132,9978
117.74.65.207,44554
157.90.175.234,8080
117.74.65.29,59394
120.79.31.133,6969
111.225.153.37,8089
103.145.113.78,80
5.78.75.47,8080
113.143.37.82,9002
165.227.81.188,9969
47.254.47.61,77
41.188.149.75,80
119.13.111.169,502
111.225.152.106,8089
124.70.202.161,8090
5.78.98.35,8080
117.74.65.215,11080
5.78.67.227,8080
5.78.73.255,8080
65.108.230.239,41292
117.74.65.215,8090
139.59.228.68,80
167.71.5.83,3128
117.74.65.29,10000
104.248.238.21,80
95.56.254.139,3128
113.195.165.227,8085
185.74.6.248,8080
117.74.65.215,10005
5.78.69.246,8080
45.85.45.30,80
117.74.65.215,10001
117.54.114.100,80
190.116.56.74,999
5.78.101.27,8080
111.225.152.96,8089
5.78.102.219,8080
112.103.198.145,9002
206.81.7.104,80
65.109.235.88,8080
103.119.3.203,8999
68.183.128.147,80
39.98.51.47,3129
109.254.37.40,9090
123.13.218.68,9002
5.78.99.50,8080
117.54.114.97,80
117.74.65.215,10012
20.205.61.143,80
5.78.90.206,8080
183.89.119.7,8080
185.216.116.18,80
64.225.4.63,9982
120.24.44.35,18081
117.160.250.133,9999
41.65.251.85,1976
179.1.95.226,999
178.128.145.83,80
203.95.199.124,8080
8.210.37.63,8089
157.245.120.249,80
112.74.17.5,8999
116.203.140.136,8080
198.49.68.80,80
182.16.12.28,8088
156.200.116.74,1981
111.225.153.252,8089
93.75.39.233,8085
49.0.199.132,9091
202.110.67.141,9091
128.199.202.122,3128
117.74.65.215,59394
211.97.2.196,9002
91.189.177.188,3128
154.236.179.226,1981
200.52.148.10,999
200.198.42.168,8080
45.61.187.67,4007
23.238.33.186,80
117.160.250.130,8828
169.55.89.6,8123
5.78.102.192,8080
68.183.127.115,80
5.78.92.240,8080
197.55.50.11,8082
39.104.62.128,8090
5.78.101.231,8080
43.153.66.118,443
117.74.65.215,10250
123.138.214.150,9002
152.67.99.80,80
120.79.86.123,80
104.154.225.3,3128
117.74.65.29,41890
85.117.239.113,3131
62.193.108.142,1976
182.16.12.27,8088
117.159.15.99,9091
117.74.65.29,2000
73.185.216.244,80
111.225.152.188,8089
5.78.75.213,8080
64.225.8.132,9981
165.227.81.188,9984
5.78.89.214,8080
117.74.65.207,59394
104.248.227.221,80
117.74.65.207,1080
221.6.139.190,9002
161.35.1.189,80
5.78.97.2,8080
121.183.80.210,80
103.118.78.194,80
213.241.205.1,8080
154.236.191.48,1976
161.35.70.249,3128
103.75.117.21,4443
8.134.138.108,1000
128.201.232.102,888
167.172.238.15,9984
65.20.224.193,80
41.33.142.179,1981
95.217.3.209,8080
114.102.46.218,8089
154.236.191.46,1976
167.71.104.5,80
103.121.149.69,8080
117.160.250.130,82
51.68.181.108,80
27.159.66.131,11207
49.144.17.56,80
104.248.68.190,80
117.74.65.207,993
58.57.170.154,9002
61.7.146.7,80
104.248.57.251,80
20.24.43.214,8123
106.105.218.244,80
117.74.65.215,1081
200.69.210.59,80
68.183.57.56,80
13.95.173.197,80
119.13.103.211,20201
123.56.188.209,6666
8.219.211.97,9999
109.194.22.61,8080
167.235.78.39,8080
52.41.249.10,80
117.74.65.215,55443
24.156.198.241,8080
210.172.199.88,8080
91.107.199.87,8080
117.158.146.215,9091
103.82.157.101,8080
65.109.165.92,8080
216.246.40.215,8999
165.227.81.188,9981
201.71.2.102,999
124.13.181.6,80
123.205.34.233,80
111.225.152.238,8089
200.48.251.20,999
117.74.65.207,502
5.78.103.74,8080
117.74.65.207,1023
5.78.88.37,8080
124.131.219.94,9091
47.56.110.204,8989
103.234.55.173,80
117.160.250.133,8828
120.236.67.189,9002
5.78.99.253,8080
64.225.4.63,9977
64.225.4.63,9995
87.68.238.0,8080
117.74.65.29,7777
65.109.169.184,8080
172.104.232.173,8080
58.246.58.150,9002
117.74.65.215,81
111.40.116.212,9091
120.194.4.157,5443
104.248.28.19,80
117.74.65.215,2000
117.74.65.29,84
117.74.65.29,9080
190.110.99.190,999
171.34.53.2,9091
103.147.32.202,8080
5.78.94.65,8080
117.74.65.215,311
142.93.119.98,80
117.74.65.215,10003
5.78.75.61,8080
161.35.11.22,80
104.43.230.151,3128
117.160.250.130,81
114.55.84.12,30001
14.178.142.11,80
8.208.84.236,8118
47.111.173.88,8888
117.74.65.207,9992
24.230.33.96,3128
41.65.227.98,1981
103.236.201.220,3128
113.57.84.39,9091
80.249.112.162,80
82.138.41.15,3128
47.253.105.175,443
5.78.101.234,8080
103.92.233.40,80
47.98.159.9,3128
42.63.10.170,9002
5.78.96.188,8080
62.193.108.157,1981
5.78.78.137,8080
103.122.66.237,8085
5.78.46.235,8080
118.31.2.38,8998
64.225.8.132,9975
103.156.56.3,80
5.78.87.122,8080
157.90.164.50,8080
135.181.114.87,36639
206.189.229.243,80
117.74.65.207,5004
202.200.170.227,80
5.78.99.44,8080
117.74.65.207,50
72.170.220.17,8080
5.45.107.146,8888
124.13.181.4,80
54.81.190.215,8118
8.219.74.58,9002
5.78.100.75,8080
47.254.153.78,13579
117.160.250.130,80
58.20.248.139,9002
123.154.26.11,8085
79.116.42.161,80
117.74.65.207,9091
135.181.149.47,8080
8.208.90.243,20201
103.46.11.182,8080
123.57.1.16,9002
157.90.244.49,8080
5.78.85.116,8080
117.74.65.29,8085
183.64.239.19,8060
65.109.162.27,8080
117.54.114.96,80
212.109.221.149,3128
104.248.228.1,80
117.74.65.29,8090
5.78.74.231,8080
222.98.194.210,80
43.130.26.47,80
181.198.115.179,999
5.78.102.194,8080
45.188.164.13,1994
5.78.94.16,8080
41.188.149.72,80
65.108.83.250,8080
5.78.99.54,8080
116.113.68.130,9091
128.140.1.251,8080
121.132.95.7,80
36.138.120.73,3128
61.80.242.15,8001
218.75.102.198,8000
117.74.65.207,81
117.74.65.29,3128
142.93.124.156,80
155.138.132.50,80
5.78.102.193,8080
103.82.157.146,8080
83.40.138.169,80
47.74.152.29,8888
5.161.41.17,80
8.208.89.32,8081
62.193.108.142,1981
64.225.8.191,9981
41.65.236.48,1981
165.227.25.55,80
91.107.194.183,8080
192.248.125.3,80
117.74.65.207,8029
51.79.243.102,8080
36.158.107.38,8085
113.195.207.249,9091
39.101.65.228,8085
206.81.6.64,80
158.69.71.245,9300
161.35.115.112,80
117.74.65.207,5002
103.156.140.150,8181
202.162.105.202,8000
117.74.65.215,41890
117.74.65.207,5443
64.225.8.118,9986
200.55.250.20,6969
39.106.16.190,3128
117.74.65.215,8499
64.225.8.191,9997
8.219.43.134,3128
